﻿<?xml version="1.0" encoding="utf-8"?>
<manifest identifier="_6l31157RmsE" version="1.0" xmlns="http://www.imsproject.org/xsd/imscp_rootv1p1p2" xmlns:adlcp="http://www.adlnet.org/xsd/adlcp_rootv1p2" xmlns:xsi="http://www.w3.org/2001/XMLSchema-instance" xsi:schemaLocation="http://www.imsproject.org/xsd/imscp_rootv1p1p2 imscp_rootv1p1p2.xsd http://www.imsglobal.org/xsd/imsmd_rootv1p2p1 imsmd_rootv1p2p1.xsd http://www.adlnet.org/xsd/adlcp_rootv1p2 adlcp_rootv1p2.xsd">
  <metadata>
    <schema>ADL SCORM</schema>
    <schemaversion>1.2</schemaversion>
    <lom xmlns="http://www.imsglobal.org/xsd/imsmd_rootv1p2p1" xmlns:xsi="http://www.w3.org/2001/XMLSchema-instance" xsi:schemaLocation="http://www.imsglobal.org/xsd/imsmd_rootv1p2p1 imsmd_rootv1p2p1.xsd">
      <general>
        <title>
          <langstring xml:lang="x-none">Importance Rebuttal Through Negotiation</langstring>
        </title>
      </general>
      <lifecycle>
        <version>
          <langstring xml:lang="x-none">1</langstring>
        </version>
        <status>
          <source>
            <langstring xml:lang="x-none">LOMv1.0</langstring>
          </source>
          <value>
            <langstring xml:lang="x-none">Final</langstring>
          </value>
        </status>
      </lifecycle>
      <metametadata>
        <metadatascheme>ADL SCORM 1.2</metadatascheme>
      </metametadata>
      <educational>
        <typicallearningtime>
          <datetime>PT0H0M0S</datetime>
        </typicallearningtime>
      </educational>
      <rights>
        <cost>
          <source>
            <langstring xml:lang="x-none">LOMv1.0</langstring>
          </source>
          <value>
            <langstring xml:lang="x-none">yes</langstring>
          </value>
        </cost>
        <copyrightandotherrestrictions>
          <source>
            <langstring xml:lang="x-none">LOMv1.0</langstring>
          </source>
          <value>
            <langstring xml:lang="x-none">yes</langstring>
          </value>
        </copyrightandotherrestrictions>
      </rights>
    </lom>
  </metadata>
  <organizations default="Importance_Rebuttal_Through_Negotiation_ORG">
    <organization identifier="Importance_Rebuttal_Through_Negotiation_ORG">
      <title>Importance Rebuttal Through Negotiation</title>
      <item identifier="Importance_Rebuttal_Through_Negotiation_SCO" isvisible="true" identifierref="__6l31157RmsE_RES">
        <title>Importance Rebuttal Through Negotiation</title>
      </item>
    </organization>
  </organizations>
  <resources>
    <resource identifier="__6l31157RmsE_RES" type="webcontent" href="index_lms.html" adlcp:scormtype="sco">
      <file href="story_content/thumbnail.jpg" />
      <file href="mobile/6QLkv0RqcuS_80_B-5_P_489_0_2021_2613_DX1916_DY1916_CX742_CY959.png" />
      <file href="mobile/6KMwf6bPsG6_80_DX638_DY638_CX478_CY93.png" />
      <file href="story_content/5v9G8mbt47B_44100_160_1.mp3" />
      <file href="mobile/6XdOeREWzzY_80_DX1260_DY1260_CX828_CY945.png" />
      <file href="mobile/6iL8YJ9zZXC_80_P_0_300_2048_966_DX2240_DY2240_CX1679_CY792.jpg" />
      <file href="mobile/67Hg6fYSCcd_80_DX2240_DY2240_CX1670_CY93.png" />
      <file href="mobile/6JvjS5rM5NA_80_DX154_DY154_CX115_CY115.png" />
      <file href="story_content/6idklPXuWAT_44100_160_1.mp3" />
      <file href="mobile/6URImUYlvmT_80_P_0_0_1176_1205_DX1536_DY1536_CX661_CY677.png" />
      <file href="mobile/6W39s3Be4fi_80_P_0_0_773_1205_DX1536_DY1536_CX435_CY678.png" />
      <file href="mobile/5dIjZR9I9aG_X_80_P_0_0_744_1205_DX1536_DY1536_CX418_CY677.png" />
      <file href="story_content/6q69z6A8XVS_44100_160_1.mp3" />
      <file href="mobile/6RQuAuqbmnx_X_80_DX1598_DY1598_CX494_CY1198.png" />
      <file href="story_content/67MWLOS4H2v_44100_160_1.mp3" />
      <file href="story_content/68xXEHCMAKn_44100_160_1.mp3" />
      <file href="mobile/5qiAqvCGvaP_80_DX64_DY64_CX48_CY48.png" />
      <file href="story_content/5jeXXrZ6M06_44100_160_1.mp3" />
      <file href="story_content/6BoJzWN5yHW_44100_160_1.mp3" />
      <file href="story_content/6GfNXTmRRj4_44100_160_1.mp3" />
      <file href="story_content/5apizW0uJua_44100_160_1.mp3" />
      <file href="story_content/6Alq81HfDBj_44100_160_1.mp3" />
      <file href="story_content/5X3rIkiwHrP_44100_160_1.mp3" />
      <file href="mobile/6AZaIvqSfDW_80_DX1248_DY1248_CX432_CY935.png" />
      <file href="story_content/6Mv9tOfDImU_44100_160_1.mp3" />
      <file href="mobile/6iL8YJ9zZXC_80_P_0_311_2048_955_DX2240_DY2240_CX1679_CY783.jpg" />
      <file href="mobile/6eySwos3X8P_80_DX168_DY168_CX126_CY126.png" />
      <file href="mobile/6RQuAuqbmnx_80_DX1598_DY1598_CX475_CY1151.png" />
      <file href="story_content/6E9UPx1jQ43_44100_160_1.mp3" />
      <file href="mobile/6ovgVysahHP_80_DX1516_DY1516_CX147_CY550.png" />
      <file href="mobile/69oFCbpYIVF_80_DX1514_DY1514_CX133_CY511.png" />
      <file href="mobile/5ka0A1Qfnqq_80_DX634_DY634_CX118_CY475.png" />
      <file href="mobile/5d4ENtmLQzT_80_DX1506_DY1506_CX223_CY520.png" />
      <file href="story_content/5liJO8NcMR7_44100_160_1.mp3" />
      <file href="mobile/5mIBJsUt1Do_80_DX1260_DY1260_CX850_CY945.png" />
      <file href="mobile/6DPcC1JrhBP_80_DX138_DY138_CX103_CY103.png" />
      <file href="mobile/6ffeUg4LWSA_80_DX128_DY128_CX64_CY64.png" />
      <file href="mobile/5zitqvappFd_80_DX128_DY128_CX64_CY64.png" />
      <file href="story_content/5r5128iG088_44100_160_1.mp3" />
      <file href="story_content/65DGAd1jfg7_44100_160_1.mp3" />
      <file href="mobile/5ipKvPPrXhT_80_Q200B050_DX668_DY668_CX500_CY370.png" />
      <file href="mobile/6Ix4YYTeTCY_X_80_P_0_0_800_1384_DX1352_DY1352_CX396_CY685.png" />
      <file href="story_content/5dzbGLGxXb0_44100_160_1.mp3" />
      <file href="mobile/6ovgVysahHP_80_P_0_0_547_543_DX1516_DY1516_CX180_CY179.png" />
      <file href="mobile/69oFCbpYIVF_80_P_0_0_532_543_DX1514_DY1514_CX175_CY179.png" />
      <file href="mobile/5hTEiOSMrJd_80_P_0_0_517_543_DX1558_DY1558_CX171_CY180.png" />
      <file href="mobile/5d4ENtmLQzT_80_P_154_0_546_543_DX1506_DY1506_CX180_CY179.png" />
      <file href="story_content/6O0xhETNQiO_44100_160_1.mp3" />
      <file href="mobile/65kogfcwlF1_80_DX178_DY178_CX133_CY133.png" />
      <file href="mobile/5l6e7ZhZuJD_80_DX178_DY178_CX133_CY133.png" />
      <file href="mobile/66Kt5rtmf5x_80_DX208_DY208_CX156_CY156.png" />
      <file href="mobile/6le1OdXzFkL_80_DX182_DY182_CX136_CY136.png" />
      <file href="mobile/6c41dDhG8RQ_80_DX162_DY162_CX121_CY121.png" />
      <file href="mobile/6DDr7tyCUyq_80_DX148_DY148_CX111_CY111.png" />
      <file href="story_content/6SE8NatM32b_44100_160_1.mp3" />
      <file href="mobile/5cK79adcpVr_80_DX1520_DY1520_CX527_CY1140.png" />
      <file href="story_content/6HUwFW5CL1x_44100_160_1.mp3" />
      <file href="mobile/6ovgVysahHP_80_DX1516_DY1516_CX157_CY588.png" />
      <file href="story_content/6LVVARc1Jbv_44100_160_1.mp3" />
      <file href="mobile/6ovgVysahHP_80_P_0_0_547_543_DX1516_DY1516_CX303_CY301.png" />
      <file href="story_content/6eWboMoDLt7_44100_160_1.mp3" />
      <file href="mobile/5VjQcUWWDY0_80_P_0_0_1112_1110_DX1520_DY1520_CX619_CY618.png" />
      <file href="story_content/5XbDm983tcE_44100_160_1.mp3" />
      <file href="mobile/5qKXt2YPvM2_80_DX790_DY790_CX154_CY588.png" />
      <file href="story_content/6qiaUrWyEUk_44100_160_1.mp3" />
      <file href="mobile/69oFCbpYIVF_80_P_0_0_532_543_DX1514_DY1514_CX294_CY301.png" />
      <file href="story_content/5r9eQ9Vdf6e_44100_160_1.mp3" />
      <file href="mobile/63NZhpj2ZMA_80_DX1520_DY1520_CX540_CY1140.png" />
      <file href="story_content/5m5w4vXuRW9_44100_160_1.mp3" />
      <file href="mobile/5hTEiOSMrJd_80_DX1558_DY1558_CX148_CY586.png" />
      <file href="story_content/6cC9sVa03Oh_44100_160_1.mp3" />
      <file href="mobile/5hTEiOSMrJd_80_P_0_0_517_529_DX1558_DY1558_CX295_CY302.png" />
      <file href="story_content/60tXvtVPGSU_44100_160_1.mp3" />
      <file href="mobile/6Jv7vRbSOAb_80_DX1340_DY1340_CX609_CY1004.png" />
      <file href="story_content/5dSqhdzA5RM_44100_160_1.mp3" />
      <file href="mobile/5cXd4RhaYcg_80_DX790_DY790_CX214_CY590.png" />
      <file href="story_content/5Xp0vnCkmVl_44100_160_1.mp3" />
      <file href="mobile/5d4ENtmLQzT_80_P_154_0_546_543_DX1506_DY1506_CX301_CY299.png" />
      <file href="story_content/5nGmiOWAJmL_44100_160_1.mp3" />
      <file href="mobile/5oFrLwtL8n2_80_DX886_DY886_CX664_CY664.png" />
      <file href="story_content/6mkWz7qDOPr_44100_160_1.mp3" />
      <file href="story_content/67MffjpN499_44100_160_1.mp3" />
      <file href="mobile/6RQuAuqbmnx_80_DX1598_DY1598_CX494_CY1198.png" />
      <file href="story_content/6ipD0JuFARn_44100_160_1.mp3" />
      <file href="mobile/671qhSUNlGK_X_80_DX1616_DY1616_CX322_CY1212.png" />
      <file href="mobile/6TtWszJUUKl_X_80_DX1616_DY1616_CX406_CY1212.png" />
      <file href="story_content/663uA0kpNMU_44100_160_1.mp3" />
      <file href="story_content/6RtreromB1o_44100_160_1.mp3" />
      <file href="meta.xml" />
      <file href="story_content/user.js" />
      <file href="mobile/txt__default_6O4IlOLtGCJ.png" />
      <file href="mobile/txt__default_5zcOOWTJbGl.png" />
      <file href="mobile/txt__default_6ICloLLVOlV.png" />
      <file href="mobile/txt__default_6I2sjMOaElv.png" />
      <file href="mobile/txt__default_6hLrDjPycPY.png" />
      <file href="mobile/txt__default_63zz2mLASUI.png" />
      <file href="mobile/Shape5l2cwPMoE2U.png" />
      <file href="mobile/Shape5aOSPdsOFTl.png" />
      <file href="mobile/Shape66Dah5hlO9y.png" />
      <file href="mobile/Shape5evVo7nLyXx.png" />
      <file href="mobile/Shape5j07KWwgf3K.png" />
      <file href="mobile/Shape6OwRdxf43Qo.png" />
      <file href="mobile/Shape5jhCVKzfeqi.png" />
      <file href="mobile/Shape6OKoNpuO88F.png" />
      <file href="html5/data/css/output.min.css" />
      <file href="html5/data/js/5l7UrQYD1Rt.js" />
      <file href="html5/data/js/5tFXj0fFgka.js" />
      <file href="html5/data/js/5uQFrWN6cBz.js" />
      <file href="html5/data/js/5XYVinvpWal.js" />
      <file href="html5/data/js/61MfWfO34HS.js" />
      <file href="html5/data/js/66CXHFJiocl.js" />
      <file href="html5/data/js/66VJWv0LGIL.js" />
      <file href="html5/data/js/6btS4Z3Rym1.js" />
      <file href="html5/data/js/6evLsGDwjXV.js" />
      <file href="html5/data/js/6JVPAMhIpBu.js" />
      <file href="html5/data/js/6qPTXRvhw8g.js" />
      <file href="html5/data/js/6SbdRzVqTvd.js" />
      <file href="html5/data/js/6UpVRY7dU58.js" />
      <file href="html5/data/js/data.js" />
      <file href="html5/data/js/frame.js" />
      <file href="html5/data/js/paths.js" />
      <file href="html5/lib/scripts/bootstrapper.min.js" />
      <file href="html5/lib/scripts/frame.desktop.min.js" />
      <file href="html5/lib/scripts/frame.mobile.min.js" />
      <file href="html5/lib/scripts/slides.min.js" />
      <file href="html5/lib/stylesheets/desktop.min.css" />
      <file href="html5/lib/stylesheets/mobile.min.css" />
      <file href="html5/lib/stylesheets/mobile-fonts/open-sans-bold.woff" />
      <file href="html5/lib/stylesheets/mobile-fonts/open-sans-light.woff" />
      <file href="html5/lib/stylesheets/mobile-fonts/open-sans-regular.woff" />
      <file href="analytics-frame.html" />
      <file href="story.html" />
      <file href="index_lms.html" />
      <file href="lms/AICCComm.html" />
      <file href="lms/blank.html" />
      <file href="lms/browsersniff.js" />
      <file href="lms/goodbye.html" />
      <file href="lms/scormdriver.js" />
    </resource>
  </resources>
</manifest>